datacenter,cluster
datacenter70,d70-s01-cluster
datacenter70,d70-s02-cluster
datacenter70,d70-s03-cluster
datacenter70,d70-s04-cluster
datacenter70,d70-s05-cluster
datacenter70,d70-s06-cluster
datacenter70,d70-s07-cluster
datacenter70,d70-s08-cluster
datacenter70,d70-s09-cluster
datacenter70,d70-s10-cluster
datacenter70,d70-s11-cluster
datacenter70,d70-s12-cluster
datacenter70,d70-s13-cluster
datacenter70,d70-s14-cluster
datacenter70,d70-s15-cluster
datacenter70,d70-s16-cluster
datacenter70,d70-s17-cluster
datacenter70,d70-s18-cluster
datacenter70,d70-s19-cluster
datacenter70,d70-s20-cluster
datacenter70,d70-s21-cluster
datacenter70,d70-s22-cluster
datacenter70,d70-s23-cluster
datacenter70,d70-s24-cluster
datacenter70,d70-s25-cluster
datacenter70,d70-repo-cluster
datacenter70,d70-github-cluster
